Workbook

Sheet Position 1-Zinv
A1: USE CASE1 | G1: USE CASE2 | M1: USE CASE3
A2: Parameter | B2: L | C2: X | D2: Y | E2: Z | G2: Parameter | H2: L | I2: X | J2: Y | K2: Z | M2: Parameter | N2: L | O2: X | P2: Y | Q2: Z
A3: Hose Length | B3: 260.5mm | G3: Hose Length | H3: 250.3mm | M3: Hose Length | N3: 280.9mm
A4: Spline Length | B4: 192.2mm | G4: Spline Length | H4: 183.7mm | M4: Spline Length | N4: 217.6mm
A5: 1st Vector Length | B5: 20mm | G5: 1st Vector Length | H5: 17mm | M5: 1st Vector Length | N5: 15mm
A6: 2nd Vector Length | B6: 16.1mm | G6: 2nd Vector Length | H6: 16.5mm | M6: 2nd Vector Length | N6: 16.1mm
A7: 1st Vector Point | C7: ='Position 1_Z Down'!C7 -> 345.402 | D7: =-'Position 1_Z Down'!D7 -> -20.348 | E7: =-'Position 1_Z Down'!E7 -> 30.96 | G7: 1st Vector Point | I7: ='Position 1_Z Down'!I7 -> 214.765 | J7: =-'Position 1_Z Down'!J7 -> -21.24 | K7: =-'Position 1_Z Down'!K7 -> 31.13 | M7: 1st Vector Point | O7: ='Position 1_Z Down'!O7 -> 94.475 | P7: =-'Position 1_Z Down'!P7 -> -20.747 | Q7: =-'Position 1_Z Down'!Q7 -> 31.027
A8: 1st Vector End Point | C8: ='Position 1_Z Down'!C8 -> 345.531 | D8: =-'Position 1_Z Down'!D8 -> -0.351 | E8: =-'Position 1_Z Down'!E8 -> 30.629 | G8: 1st Vector End Point | I8: ='Position 1_Z Down'!I8 -> 214.34 | J8: =-'Position 1_Z Down'!J8 -> -4.208 | K8: =-'Position 1_Z Down'!K8 -> 30.951 | M8: 1st Vector End Point | O8: ='Position 1_Z Down'!O8 -> 94.97 | P8: =-'Position 1_Z Down'!P8 -> -5.781 | Q8: =-'Position 1_Z Down'!Q8 -> 31.903
A9: 2nd Vector Point | C9: ='Position 1_Z Down'!C9 -> 323.816 | D9: =-'Position 1_Z Down'!D9 -> -35.617 | E9: =-'Position 1_Z Down'!E9 -> 56.741 | G9: 2nd Vector Point | I9: ='Position 1_Z Down'!I9 -> 204.098 | J9: =-'Position 1_Z Down'!J9 -> -2.249 | K9: =-'Position 1_Z Down'!K9 -> 57.606 | M9: 2nd Vector Point | O9: ='Position 1_Z Down'!O9 -> 56.755 | P9: =-'Position 1_Z Down'!P9 -> -24.311 | Q9: =-'Position 1_Z Down'!Q9 -> 35.042
A10: 2nd Vector End Point | C10: ='Position 1_Z Down'!C10 -> 337.777 | D10: =-'Position 1_Z Down'!D10 -> -43.376 | E10: =-'Position 1_Z Down'!E10 -> 54.813 | G10: 2nd Vector End Point | I10: ='Position 1_Z Down'!I10 -> 214.097 | J10: =-'Position 1_Z Down'!J10 -> 10.801 | K10: =-'Position 1_Z Down'!K10 -> 59.59 | M10: 2nd Vector End Point | O10: ='Position 1_Z Down'!O10 -> 57.616 | P10: =-'Position 1_Z Down'!P10 -> -40.379 | Q10: =-'Position 1_Z Down'!Q10 -> 34.847
A11: 1st Vector Direction | C11: ='Position 1_Z Down'!C11 -> 0.006453 | D11: =-'Position 1_Z Down'!D11 -> 0.999842 | E11: =-'Position 1_Z Down'!E11 -> -0.016572 | G11: 1st Vector Direction | I11: ='Position 1_Z Down'!I11 -> -0.024944 | J11: =-'Position 1_Z Down'!J11 -> 0.999633 | K11: =-'Position 1_Z Down'!K11 -> -0.010536 | M11: 1st Vector Direction | O11: ='Position 1_Z Down'!O11 -> 0.032965 | P11: =-'Position 1_Z Down'!P11 -> 0.997747 | Q11: =-'Position 1_Z Down'!Q11 -> 0.058428
A12: 2nd Vector Direction | C12: ='Position 1_Z Down'!C12 -> 0.867774 | D12: =-'Position 1_Z Down'!D12 -> -0.482286 | E12: =-'Position 1_Z Down'!E12 -> -0.119866 | G12: 2nd Vector Direction | I12: ='Position 1_Z Down'!I12 -> 0.60382 | J12: =-'Position 1_Z Down'!J12 -> 0.788066 | K12: =-'Position 1_Z Down'!K12 -> 0.119803 | M12: 2nd Vector Direction | O12: ='Position 1_Z Down'!O12 -> 0.053514 | P12: =-'Position 1_Z Down'!P12 -> -0.998494 | Q12: =-'Position 1_Z Down'!Q12 -> -0.012067
A13: 1st Vector Direction Comp | C13: ='Position 1_Z Down'!C13 -> 0.00645 | D13: =-'Position 1_Z Down'!D13 -> #VALUE! | E13: =-'Position 1_Z Down'!E13 -> -0.01655 | G13: 1st Vector Direction Comp | I13: ='Position 1_Z Down'!I13 -> −0.025 | J13: =-'Position 1_Z Down'!J13 -> #VALUE! | K13: =-'Position 1_Z Down'!K13 -> -0.011 | M13: 1st Vector Direction Comp | O13: ='Position 1_Z Down'!O13 -> 0.033 | P13: =-'Position 1_Z Down'!P13 -> #VALUE! | Q13: =-'Position 1_Z Down'!Q13 -> #VALUE!
A14: 2nd Vector Direction Comp | C14: ='Position 1_Z Down'!C14 -> 0.868 | D14: =-'Position 1_Z Down'!D14 -> -0.482 | E14: =-'Position 1_Z Down'!E14 -> -0.12 | G14: 2nd Vector Direction Comp | I14: ='Position 1_Z Down'!I14 -> 0.604 | J14: =-'Position 1_Z Down'!J14 -> 0.788 | K14: =-'Position 1_Z Down'!K14 -> 0.12 | M14: 2nd Vector Direction Comp | O14: ='Position 1_Z Down'!O14 -> 0.054 | P14: =-'Position 1_Z Down'!P14 -> -0.999 | Q14: =-'Position 1_Z Down'!Q14 -> -0.012
A17: Point.1 | C17: ='Position 1_Z Down'!C17 -> 345.487 | D17: =-'Position 1_Z Down'!D17 -> 1.588 | E17: =-'Position 1_Z Down'!E17 -> 30.585 | G17: Point.1 | I17: ='Position 1_Z Down'!I17 -> 214.073 | J17: =-'Position 1_Z Down'!J17 -> -2.378 | K17: =-'Position 1_Z Down'!K17 -> 30.804 | M17: Point.1 | O17: ='Position 1_Z Down'!O17 -> 95.11 | P17: =-'Position 1_Z Down'!P17 -> -3.591 | Q17: =-'Position 1_Z Down'!Q17 -> 32.033
A18: Point.2 | C18: ='Position 1_Z Down'!C18 -> 345.339 | D18: =-'Position 1_Z Down'!D18 -> 3.523 | E18: =-'Position 1_Z Down'!E18 -> 30.516 | G18: Point.2 | I18: ='Position 1_Z Down'!I18 -> 213.733 | J18: =-'Position 1_Z Down'!J18 -> -0.562 | K18: =-'Position 1_Z Down'!K18 -> 30.629 | M18: Point.2 | O18: ='Position 1_Z Down'!O18 -> 95.38 | P18: =-'Position 1_Z Down'!P18 -> -1.414 | Q18: =-'Position 1_Z Down'!Q18 -> 32.166
A19: Point.3 | C19: ='Position 1_Z Down'!C19 -> 345.103 | D19: =-'Position 1_Z Down'!D19 -> 5.447 | E19: =-'Position 1_Z Down'!E19 -> 30.426 | G19: Point.3 | I19: ='Position 1_Z Down'!I19 -> 213.325 | J19: =-'Position 1_Z Down'!J19 -> 1.236 | K19: =-'Position 1_Z Down'!K19 -> 30.423 | M19: Point.3 | O19: ='Position 1_Z Down'!O19 -> 95.758 | P19: =-'Position 1_Z Down'!P19 -> 0.747 | Q19: =-'Position 1_Z Down'!Q19 -> 32.302
A20: Point.4 | C20: ='Position 1_Z Down'!C20 -> 344.802 | D20: =-'Position 1_Z Down'!D20 -> 7.362 | E20: =-'Position 1_Z Down'!E20 -> 30.313 | G20: Point.4 | I20: ='Position 1_Z Down'!I20 -> 212.855 | J20: =-'Position 1_Z Down'!J20 -> 3.015 | K20: =-'Position 1_Z Down'!K20 -> 30.184 | M20: Point.4 | O20: ='Position 1_Z Down'!O20 -> 96.218 | P20: =-'Position 1_Z Down'!P20 -> 2.892 | Q20: =-'Position 1_Z Down'!Q20 -> 32.438
... A114: Point.98 | C114: ='Position 1_Z Down'!C114 -> 322.113 | D114: =-'Position 1_Z Down'!D114 -> -34.702 | E114: =-'Position 1_Z Down'!E114 -> 56.922 | G114: Point.98 | I114: ='Position 1_Z Down'!I114 -> 202.828 | J114: =-'Position 1_Z Down'!J114 -> -3.563 | K114: =-'Position 1_Z Down'!K114 -> 57.284 | M114: Point.98 | O114: ='Position 1_Z Down'!O114 -> 56.598 | P114: =-'Position 1_Z Down'!P114 -> -22.119 | Q114: =-'Position 1_Z Down'!Q114 -> 35.067

Sheet Position 2-Zinv
A1: USE CASE1 | G1: USE CASE2 | M1: USE CASE3
A2: Parameter | B2: L | C2: X | D2: Y | E2: Z | G2: Parameter | H2: L | I2: X | J2: Y | K2: Z | M2: Parameter | N2: L | O2: X | P2: Y | Q2: Z
A3: Hose Length | B3: 260.5mm | G3: Hose Length | H3: 250.3mm | M3: Hose Length | N3: 280.9mm
A4: Spline Length | B4: 192.2mm | G4: Spline Length | H4: 183.7mm | M4: Spline Length | N4: 217.6mm
A5: 1st Vector Length | B5: 20mm | G5: 1st Vector Length | H5: 17mm | M5: 1st Vector Length | N5: 15mm
A6: 2nd Vector Length | B6: 16.1mm | G6: 2nd Vector Length | H6: 16.5mm | M6: 2nd Vector Length | N6: 16.1mm
A7: 1st Vector Point | C7: ='Position 2_Z Down'!C7 -> 345.518 | D7: =-'Position 2_Z Down'!D7 -> -20.294 | E7: =-'Position 2_Z Down'!E7 -> 30.838 | G7: 1st Vector Point | I7: ='Position 2_Z Down'!I7 -> 214.844 | J7: =-'Position 2_Z Down'!J7 -> -23.164 | K7: =-'Position 2_Z Down'!K7 -> 31.128 | M7: 1st Vector Point | O7: ='Position 2_Z Down'!O7 -> 94.646 | P7: =-'Position 2_Z Down'!P7 -> -19.914 | Q7: =-'Position 2_Z Down'!Q7 -> 31.138
A8: 1st Vector End Point | C8: ='Position 2_Z Down'!C8 -> 345.647 | D8: =-'Position 2_Z Down'!D8 -> -0.297 | E8: =-'Position 2_Z Down'!E8 -> 30.507 | G8: 1st Vector End Point | I8: ='Position 2_Z Down'!I8 -> 214.371 | J8: =-'Position 2_Z Down'!J8 -> -4.171 | K8: =-'Position 2_Z Down'!K8 -> 30.927 | M8: 1st Vector End Point | O8: ='Position 2_Z Down'!O8 -> 95.121 | P8: =-'Position 2_Z Down'!P8 -> -5.516 | Q8: =-'Position 2_Z Down'!Q8 -> 31.981
A9: 2nd Vector Point | C9: ='Position 2_Z Down'!C9 -> 309.024 | D9: =-'Position 2_Z Down'!D9 -> -41.559 | E9: =-'Position 2_Z Down'!E9 -> 56.642 | G9: 2nd Vector Point | I9: ='Position 2_Z Down'!I9 -> 201.589 | J9: =-'Position 2_Z Down'!J9 -> -12.058 | K9: =-'Position 2_Z Down'!K9 -> 57.575 | M9: 2nd Vector Point | O9: ='Position 2_Z Down'!O9 -> 48.45 | P9: =-'Position 2_Z Down'!P9 -> -30.298 | Q9: =-'Position 2_Z Down'!Q9 -> 35.078
A10: 2nd Vector End Point | C10: ='Position 2_Z Down'!C10 -> 317.26 | D10: =-'Position 2_Z Down'!D10 -> -55.28 | E10: =-'Position 2_Z Down'!E10 -> 54.88 | G10: 2nd Vector End Point | I10: ='Position 2_Z Down'!I10 -> 216.75 | J10: =-'Position 2_Z Down'!J10 -> -5.85 | K10: =-'Position 2_Z Down'!K10 -> 59.53 | M10: 2nd Vector End Point | O10: ='Position 2_Z Down'!O10 -> 41.22 | P10: =-'Position 2_Z Down'!P10 -> -44.68 | Q10: =-'Position 2_Z Down'!Q10 -> 34.88
A11: 1st Vector Direction | C11: ='Position 2_Z Down'!C11 -> 0.006453 | D11: =-'Position 2_Z Down'!D11 -> 0.999842 | E11: =-'Position 2_Z Down'!E11 -> -0.016572 | G11: 1st Vector Direction | I11: ='Position 2_Z Down'!I11 -> -0.024944 | J11: =-'Position 2_Z Down'!J11 -> 0.999633 | K11: =-'Position 2_Z Down'!K11 -> -0.010536 | M11: 1st Vector Direction | O11: ='Position 2_Z Down'!O11 -> 0.032965 | P11: =-'Position 2_Z Down'!P11 -> 0.997747 | Q11: =-'Position 2_Z Down'!Q11 -> 0.058428
A12: 2nd Vector Direction | C12: ='Position 2_Z Down'!C12 -> 0.511795 | D12: =-'Position 2_Z Down'!D12 -> -0.852136 | E12: =-'Position 2_Z Down'!E12 -> -0.109223 | G12: 2nd Vector Direction | I12: ='Position 2_Z Down'!I12 -> 0.918909 | J12: =-'Position 2_Z Down'!J12 -> 0.376269 | K12: =-'Position 2_Z Down'!K12 -> 0.118442 | M12: 2nd Vector Direction | O12: ='Position 2_Z Down'!O12 -> -0.449209 | P12: =-'Position 2_Z Down'!P12 -> -0.893345 | Q12: =-'Position 2_Z Down'!Q12 -> -0.012072
A13: 1st Vector Direction Comp | C13: ='Position 2_Z Down'!C13 -> 0.006 | D13: =-'Position 2_Z Down'!D13 -> #VALUE! | E13: =-'Position 2_Z Down'!E13 -> -0.017 | G13: 1st Vector Direction Comp | I13: ='Position 2_Z Down'!I13 -> -0.025 | J13: =-'Position 2_Z Down'!J13 -> 0.999 | K13: =-'Position 2_Z Down'!K13 -> -0.011 | M13: 1st Vector Direction Comp | O13: ='Position 2_Z Down'!O13 -> 0.033 | P13: =-'Position 2_Z Down'!P13 -> 0.998 | Q13: =-'Position 2_Z Down'!Q13 -> 0.058
A14: 2nd Vector Direction Comp | C14: ='Position 2_Z Down'!C14 -> 0.512 | D14: =-'Position 2_Z Down'!D14 -> -0.854 | E14: =-'Position 2_Z Down'!E14 -> -0.11 | G14: 2nd Vector Direction Comp | I14: ='Position 2_Z Down'!I14 -> 0.917 | J14: =-'Position 2_Z Down'!J14 -> 0.376 | K14: =-'Position 2_Z Down'!K14 -> 0.118 | M14: 2nd Vector Direction Comp | O14: ='Position 2_Z Down'!O14 -> -0.448 | P14: =-'Position 2_Z Down'!P14 -> -0.892 | Q14: =-'Position 2_Z Down'!Q14 -> -0.012
A17: Point.1 | C17: ='Position 2_Z Down'!C17 -> 345.592 | D17: =-'Position 2_Z Down'!D17 -> 1.643 | E17: =-'Position 2_Z Down'!E17 -> 30.435 | G17: Point.1 | I17: ='Position 2_Z Down'!I17 -> 214.243 | J17: =-'Position 2_Z Down'!J17 -> -2.322 | K17: =-'Position 2_Z Down'!K17 -> 30.856 | M17: Point.1 | O17: ='Position 2_Z Down'!O17 -> 95.321 | P17: =-'Position 2_Z Down'!P17 -> -3.336 | Q17: =-'Position 2_Z Down'!Q17 -> 32.163
A18: Point.2 | C18: ='Position 2_Z Down'!C18 -> 345.502 | D18: =-'Position 2_Z Down'!D18 -> 3.58 | E18: =-'Position 2_Z Down'!E18 -> 30.343 | G18: Point.2 | I18: ='Position 2_Z Down'!I18 -> 213.965 | J18: =-'Position 2_Z Down'!J18 -> -0.496 | K18: =-'Position 2_Z Down'!K18 -> 30.688 | M18: Point.2 | O18: ='Position 2_Z Down'!O18 -> 95.752 | P18: =-'Position 2_Z Down'!P18 -> -1.199 | Q18: =-'Position 2_Z Down'!Q18 -> 32.437
A19: Point.3 | C19: ='Position 2_Z Down'!C19 -> 345.375 | D19: =-'Position 2_Z Down'!D19 -> 5.513 | E19: =-'Position 2_Z Down'!E19 -> 30.23 | G19: Point.3 | I19: ='Position 2_Z Down'!I19 -> 213.566 | J19: =-'Position 2_Z Down'!J19 -> 1.299 | K19: =-'Position 2_Z Down'!K19 -> 30.442 | M19: Point.3 | O19: ='Position 2_Z Down'!O19 -> 96.361 | P19: =-'Position 2_Z Down'!P19 -> 0.885 | Q19: =-'Position 2_Z Down'!Q19 -> 32.771
A20: Point.4 | C20: ='Position 2_Z Down'!C20 -> 345.21 | D20: =-'Position 2_Z Down'!D20 -> 7.443 | E20: =-'Position 2_Z Down'!E20 -> 30.093 | G20: Point.4 | I20: ='Position 2_Z Down'!I20 -> 213.085 | J20: =-'Position 2_Z Down'!J20 -> 3.065 | K20: =-'Position 2_Z Down'!K20 -> 30.14 | M20: Point.4 | O20: ='Position 2_Z Down'!O20 -> 97.085 | P20: =-'Position 2_Z Down'!P20 -> 2.93 | Q20: =-'Position 2_Z Down'!Q20 -> 33.129
... A114: Point.98 | C114: ='Position 2_Z Down'!C114 -> 307.995 | D114: =-'Position 2_Z Down'!D114 -> -39.923 | E114: =-'Position 2_Z Down'!E114 -> 56.819 | G114: Point.98 | I114: ='Position 2_Z Down'!I114 -> 199.875 | J114: =-'Position 2_Z Down'!J114 -> -12.719 | K114: =-'Position 2_Z Down'!K114 -> 57.317 | M114: Point.98 | O114: ='Position 2_Z Down'!O114 -> 49.409 | P114: =-'Position 2_Z Down'!P114 -> -28.32 | Q114: =-'Position 2_Z Down'!Q114 -> 35.107

Sheet Position 3-Zinv
A1: USE CASE1 | G1: USE CASE2 | M1: USE CASE3
A2: Parameter | B2: L | C2: X | D2: Y | E2: Z | G2: Parameter | H2: L | I2: X | J2: Y | K2: Z | M2: Parameter | N2: L | O2: X | P2: Y | Q2: Z
A3: Hose Length | B3: 260.5mm | G3: Hose Length | H3: 250.3mm | M3: Hose Length | N3: 280.9mm
A4: Spline Length | B4: 192.2mm | G4: Spline Length | H4: 183.7mm | M4: Spline Length | N4: 217.6mm
A5: 1st Vector Length | B5: 20mm | G5: 1st Vector Length | H5: 17mm | M5: 1st Vector Length | N5: 15mm
A6: 2nd Vector Length | B6: 16.1mm | G6: 2nd Vector Length | H6: 16.5mm | M6: 2nd Vector Length | N6: 16.1mm
A7: 1st Vector Point | C7: ='Position 3_Z Down'!C7 -> 345.598 | D7: =-'Position 3_Z Down'!D7 -> -20.462 | E7: =-'Position 3_Z Down'!E7 -> 30.568 | G7: 1st Vector Point | I7: ='Position 3_Z Down'!I7 -> 214.83 | J7: =-'Position 3_Z Down'!J7 -> -20.83 | K7: =-'Position 3_Z Down'!K7 -> 31.12 | M7: 1st Vector Point | O7: ='Position 3_Z Down'!O7 -> 94.598 | P7: =-'Position 3_Z Down'!P7 -> -20.083 | Q7: =-'Position 3_Z Down'!Q7 -> 31.125
A8: 1st Vector End Point | C8: ='Position 3_Z Down'!C8 -> 345.729 | D8: =-'Position 3_Z Down'!D8 -> -0.226 | E8: =-'Position 3_Z Down'!E8 -> 30.215 | G8: 1st Vector End Point | I8: ='Position 3_Z Down'!I8 -> 214.403 | J8: =-'Position 3_Z Down'!J8 -> -3.831 | K8: =-'Position 3_Z Down'!K8 -> 30.939 | M8: 1st Vector End Point | O8: ='Position 3_Z Down'!O8 -> 95.077 | P8: =-'Position 3_Z Down'!P8 -> -5.565 | Q8: =-'Position 3_Z Down'!Q8 -> 31.975
A9: 2nd Vector Point | C9: ='Position 3_Z Down'!C9 -> 293.536 | D9: =-'Position 3_Z Down'!D9 -> -39.192 | E9: =-'Position 3_Z Down'!E9 -> 56.847 | G9: 2nd Vector Point | I9: ='Position 3_Z Down'!I9 -> 194.785 | J9: =-'Position 3_Z Down'!J9 -> -19.237 | K9: =-'Position 3_Z Down'!K9 -> 57.543 | M9: 2nd Vector Point | O9: ='Position 3_Z Down'!O9 -> 38.252 | P9: =-'Position 3_Z Down'!P9 -> -31.438 | Q9: =-'Position 3_Z Down'!Q9 -> 35.055
A10: 2nd Vector End Point | C10: ='Position 3_Z Down'!C10 -> 293.481 | D10: =-'Position 3_Z Down'!D10 -> -55.17 | E10: =-'Position 3_Z Down'!E10 -> 54.873 | G10: 2nd Vector End Point | I10: ='Position 3_Z Down'!I10 -> 210.908 | J10: =-'Position 3_Z Down'!J10 -> -21.612 | K10: =-'Position 3_Z Down'!K10 -> 59.542 | M10: 2nd Vector End Point | O10: ='Position 3_Z Down'!O10 -> 24.656 | P10: =-'Position 3_Z Down'!P10 -> -40.06 | Q10: =-'Position 3_Z Down'!Q10 -> 34.884
A11: 1st Vector Direction | C11: ='Position 3_Z Down'!C11 -> 0.006453 | D11: =-'Position 3_Z Down'!D11 -> 0.999842 | E11: =-'Position 3_Z Down'!E11 -> -0.016572 | G11: 1st Vector Direction | I11: ='Position 3_Z Down'!I11 -> -0.024944 | J11: =-'Position 3_Z Down'!J11 -> 0.999633 | K11: =-'Position 3_Z Down'!K11 -> -0.010536 | M11: 1st Vector Direction | O11: ='Position 3_Z Down'!O11 -> 0.032965 | P11: =-'Position 3_Z Down'!P11 -> 0.997747 | Q11: =-'Position 3_Z Down'!Q11 -> 0.058428
A12: 2nd Vector Direction | C12: ='Position 3_Z Down'!C12 -> -0.003399 | D12: =-'Position 3_Z Down'!D12 -> -0.992446 | E12: =-'Position 3_Z Down'!E12 -> -0.122632 | G12: 2nd Vector Direction | I12: ='Position 3_Z Down'!I12 -> 0.981977 | J12: =-'Position 3_Z Down'!J12 -> -0.144605 | K12: =-'Position 3_Z Down'!K12 -> 0.1217 | M12: 2nd Vector Direction | O12: ='Position 3_Z Down'!O12 -> -0.844459 | P12: =-'Position 3_Z Down'!P12 -> -0.535515 | Q12: =-'Position 3_Z Down'!Q12 -> -0.01065
A13: 1st Vector Direction Comp | C13: ='Position 3_Z Down'!C13 -> 0.006 | D13: =-'Position 3_Z Down'!D13 -> 0.999 | E13: =-'Position 3_Z Down'!E13 -> -0.017 | G13: 1st Vector Direction Comp | I13: ='Position 3_Z Down'!I13 -> −0.025 | J13: =-'Position 3_Z Down'!J13 -> #VALUE! | K13: =-'Position 3_Z Down'!K13 -> -0.011 | M13: 1st Vector Direction Comp | O13: ='Position 3_Z Down'!O13 -> 0.033 | P13: =-'Position 3_Z Down'!P13 -> #VALUE! | Q13: =-'Position 3_Z Down'!Q13 -> #VALUE!
A14: 2nd Vector Direction Comp | C14: ='Position 3_Z Down'!C14 -> −0.003 | D14: =-'Position 3_Z Down'!D14 -> -0.992 | E14: =-'Position 3_Z Down'!E14 -> -0.122 | G14: 2nd Vector Direction Comp | I14: ='Position 3_Z Down'!I14 -> 0.982 | J14: =-'Position 3_Z Down'!J14 -> -0.145 | K14: =-'Position 3_Z Down'!K14 -> #VALUE! | M14: 2nd Vector Direction Comp | O14: ='Position 3_Z Down'!O14 -> −0.845 | P14: =-'Position 3_Z Down'!P14 -> -0.535 | Q14: =-'Position 3_Z Down'!Q14 -> -0.011
A17: Point.1 | C17: ='Position 3_Z Down'!C17 -> 345.733 | D17: =-'Position 3_Z Down'!D17 -> 1.707 | E17: =-'Position 3_Z Down'!E17 -> 30.031 | G17: Point.1 | I17: ='Position 3_Z Down'!I17 -> 214.205 | J17: =-'Position 3_Z Down'!J17 -> -1.994 | K17: =-'Position 3_Z Down'!K17 -> 30.779 | M17: Point.1 | O17: ='Position 3_Z Down'!O17 -> 95.305 | P17: =-'Position 3_Z Down'!P17 -> -2.943 | Q17: =-'Position 3_Z Down'!Q17 -> 32.187
A18: Point.2 | C18: ='Position 3_Z Down'!C18 -> 345.717 | D18: =-'Position 3_Z Down'!D18 -> 3.637 | E18: =-'Position 3_Z Down'!E18 -> 29.825 | G18: Point.2 | I18: ='Position 3_Z Down'!I18 -> 213.911 | J18: =-'Position 3_Z Down'!J18 -> -0.18 | K18: =-'Position 3_Z Down'!K18 -> 30.525 | M18: Point.2 | O18: ='Position 3_Z Down'!O18 -> 95.774 | P18: =-'Position 3_Z Down'!P18 -> -0.82 | Q18: =-'Position 3_Z Down'!Q18 -> 32.47
A19: Point.3 | C19: ='Position 3_Z Down'!C19 -> 345.682 | D19: =-'Position 3_Z Down'!D19 -> 5.565 | E19: =-'Position 3_Z Down'!E19 -> 29.598 | G19: Point.3 | I19: ='Position 3_Z Down'!I19 -> 213.549 | J19: =-'Position 3_Z Down'!J19 -> 1.611 | K19: =-'Position 3_Z Down'!K19 -> 30.202 | M19: Point.3 | O19: ='Position 3_Z Down'!O19 -> 96.433 | P19: =-'Position 3_Z Down'!P19 -> 1.243 | Q19: =-'Position 3_Z Down'!Q19 -> 32.813
A20: Point.4 | C20: ='Position 3_Z Down'!C20 -> 345.624 | D20: =-'Position 3_Z Down'!D20 -> 7.49 | E20: =-'Position 3_Z Down'!E20 -> 29.352 | G20: Point.4 | I20: ='Position 3_Z Down'!I20 -> 213.147 | J20: =-'Position 3_Z Down'!J20 -> 3.384 | K20: =-'Position 3_Z Down'!K20 -> 29.833 | M20: Point.4 | O20: ='Position 3_Z Down'!O20 -> 97.209 | P20: =-'Position 3_Z Down'!P20 -> 3.263 | Q20: =-'Position 3_Z Down'!Q20 -> 33.174
... A114: Point.98 | C114: ='Position 3_Z Down'!C114 -> 293.246 | D114: =-'Position 3_Z Down'!D114 -> -37.272 | E114: =-'Position 3_Z Down'!E114 -> 56.814 | G114: Point.98 | I114: ='Position 3_Z Down'!I114 -> 192.966 | J114: =-'Position 3_Z Down'!J114 -> -18.99 | K114: =-'Position 3_Z Down'!K114 -> 57.271 | M114: Point.98 | O114: ='Position 3_Z Down'!O114 -> 40.081 | P114: =-'Position 3_Z Down'!P114 -> -30.229 | Q114: =-'Position 3_Z Down'!Q114 -> 35.098

Sheet Position 4-Zinv
A1: USE CASE1 | G1: USE CASE2 | M1: USE CASE3
A2: Parameter | B2: L | C2: X | D2: Y | E2: Z | G2: Parameter | H2: L | I2: X | J2: Y | K2: Z | M2: Parameter | N2: L | O2: X | P2: Y | Q2: Z
A3: Hose Length | B3: 260.5 | G3: Hose Length | H3: 250.3 | M3: Hose Length | N3: 280.9
A4: Spline Length | B4: 192.2 | G4: Spline Length | H4: 183.7 | M4: Spline Length | N4: 217.6
A5: 1st Vector Length | B5: 20 | G5: 1st Vector Length | H5: 17 | M5: 1st Vector Length | N5: 15
A6: 2nd Vector Length | B6: 16.1 | G6: 2nd Vector Length | H6: 16.5 | M6: 2nd Vector Length | N6: 16.1
A7: 1st Vector Point | C7: ='Position 4_Z Down'!C7 -> 345.727 | D7: =-'Position 4_Z Down'!D7 -> -20.673 | E7: =-'Position 4_Z Down'!E7 -> 30.781 | G7: 1st Vector Point | I7: ='Position 4_Z Down'!I7 -> 214.866 | J7: =-'Position 4_Z Down'!J7 -> -21.429 | K7: =-'Position 4_Z Down'!K7 -> 31.143 | M7: 1st Vector Point | O7: ='Position 4_Z Down'!O7 -> 94.53 | P7: =-'Position 4_Z Down'!P7 -> -21.25 | Q7: =-'Position 4_Z Down'!Q7 -> 31.031
A8: 1st Vector End Point | C8: ='Position 4_Z Down'!C8 -> 345.858 | D8: =-'Position 4_Z Down'!D8 -> -0.381 | E8: =-'Position 4_Z Down'!E8 -> 30.444 | G8: 1st Vector End Point | I8: ='Position 4_Z Down'!I8 -> 214.442 | J8: =-'Position 4_Z Down'!J8 -> -4.435 | K8: =-'Position 4_Z Down'!K8 -> 30.964 | M8: 1st Vector End Point | O8: ='Position 4_Z Down'!O8 -> 95.024 | P8: =-'Position 4_Z Down'!P8 -> -6.283 | Q8: =-'Position 4_Z Down'!Q8 -> 31.907
A9: 2nd Vector Point | C9: ='Position 4_Z Down'!C9 -> 280.93 | D9: =-'Position 4_Z Down'!D9 -> -29.332 | E9: =-'Position 4_Z Down'!E9 -> 56.674 | G9: 2nd Vector Point | I9: ='Position 4_Z Down'!I9 -> 185.61 | J9: =-'Position 4_Z Down'!J9 -> -22.532 | K9: =-'Position 4_Z Down'!K9 -> 57.384 | M9: 2nd Vector Point | O9: ='Position 4_Z Down'!O9 -> 29.052 | P9: =-'Position 4_Z Down'!P9 -> -26.552 | Q9: =-'Position 4_Z Down'!Q9 -> 35.639
A10: 2nd Vector End Point | C10: ='Position 4_Z Down'!C10 -> 272.908 | D10: =-'Position 4_Z Down'!D10 -> -43.173 | E10: =-'Position 4_Z Down'!E10 -> 54.867 | G10: 2nd Vector End Point | I10: ='Position 4_Z Down'!I10 -> 198.068 | J10: =-'Position 4_Z Down'!J10 -> -32.492 | K10: =-'Position 4_Z Down'!K10 -> 59.578 | M10: 2nd Vector End Point | O10: ='Position 4_Z Down'!O10 -> 13.013 | P10: =-'Position 4_Z Down'!P10 -> -27.741 | Q10: =-'Position 4_Z Down'!Q10 -> 34.896
A11: 1st Vector Direction | C11: ='Position 4_Z Down'!C11 -> 0.006453 | D11: =-'Position 4_Z Down'!D11 -> 0.999842 | E11: =-'Position 4_Z Down'!E11 -> -0.016572 | G11: 1st Vector Direction | I11: ='Position 4_Z Down'!I11 -> -0.024944 | J11: =-'Position 4_Z Down'!J11 -> 0.999633 | K11: =-'Position 4_Z Down'!K11 -> -0.010536 | M11: 1st Vector Direction | O11: ='Position 4_Z Down'!O11 -> 0.032965 | P11: =-'Position 4_Z Down'!P11 -> 0.997747 | Q11: =-'Position 4_Z Down'!Q11 -> 0.058428
A12: 2nd Vector Direction | C12: ='Position 4_Z Down'!C12 -> -0.498287 | D12: =-'Position 4_Z Down'!D12 -> -0.859716 | E12: =-'Position 4_Z Down'!E12 -> -0.112244 | G12: 2nd Vector Direction | I12: ='Position 4_Z Down'!I12 -> 0.773791 | J12: =-'Position 4_Z Down'!J12 -> -0.61861 | K12: =-'Position 4_Z Down'!K12 -> 0.13627 | M12: 2nd Vector Direction | O12: ='Position 4_Z Down'!O12 -> -0.996202 | P12: =-'Position 4_Z Down'!P12 -> -0.073825 | Q12: =-'Position 4_Z Down'!Q12 -> -0.046162
A13: 1st Vector Direction Comp | C13: ='Position 4_Z Down'!C13 -> 0.006 | D13: =-'Position 4_Z Down'!D13 -> #VALUE! | E13: =-'Position 4_Z Down'!E13 -> -0.017 | G13: 1st Vector Direction Comp | I13: ='Position 4_Z Down'!I13 -> −0.025 | J13: =-'Position 4_Z Down'!J13 -> #VALUE! | K13: =-'Position 4_Z Down'!K13 -> -0.011 | M13: 1st Vector Direction Comp | O13: ='Position 4_Z Down'!O13 -> 0.033 | P13: =-'Position 4_Z Down'!P13 -> #VALUE! | Q13: =-'Position 4_Z Down'!Q13 -> #VALUE!
A14: 2nd Vector Direction Comp | C14: ='Position 4_Z Down'!C14 -> −0.498 | D14: =-'Position 4_Z Down'!D14 -> -0.859 | E14: =-'Position 4_Z Down'!E14 -> -0.112 | G14: 2nd Vector Direction Comp | I14: ='Position 4_Z Down'!I14 -> 0.774 | J14: =-'Position 4_Z Down'!J14 -> -0.619 | K14: =-'Position 4_Z Down'!K14 -> #VALUE! | M14: 2nd Vector Direction Comp | O14: ='Position 4_Z Down'!O14 -> −0.996 | P14: =-'Position 4_Z Down'!P14 -> -0.074 | Q14: =-'Position 4_Z Down'!Q14 -> -0.046
A17: Point.1 | C17: ='Position 4_Z Down'!C17 -> 346.016 | D17: =-'Position 4_Z Down'!D17 -> 1.551 | E17: =-'Position 4_Z Down'!E17 -> 30.332 | G17: Point.1 | I17: ='Position 4_Z Down'!I17 -> 214.295 | J17: =-'Position 4_Z Down'!J17 -> -2.579 | K17: =-'Position 4_Z Down'!K17 -> 30.851 | M17: Point.1 | O17: ='Position 4_Z Down'!O17 -> 95.211 | P17: =-'Position 4_Z Down'!P17 -> -4.103 | Q17: =-'Position 4_Z Down'!Q17 -> 32.102
A18: Point.2 | C18: ='Position 4_Z Down'!C18 -> 346.188 | D18: =-'Position 4_Z Down'!D18 -> 3.481 | E18: =-'Position 4_Z Down'!E18 -> 30.199 | G18: Point.2 | I18: ='Position 4_Z Down'!I18 -> 214.058 | J18: =-'Position 4_Z Down'!J18 -> -0.739 | K18: =-'Position 4_Z Down'!K18 -> 30.65 | M18: Point.2 | O18: ='Position 4_Z Down'!O18 -> 95.611 | P18: =-'Position 4_Z Down'!P18 -> -1.966 | Q18: =-'Position 4_Z Down'!Q18 -> 32.418
A19: Point.3 | C19: ='Position 4_Z Down'!C19 -> 346.354 | D19: =-'Position 4_Z Down'!D19 -> 5.41 | E19: =-'Position 4_Z Down'!E19 -> 30.05 | G19: Point.3 | I19: ='Position 4_Z Down'!I19 -> 213.757 | J19: =-'Position 4_Z Down'!J19 -> 1.083 | K19: =-'Position 4_Z Down'!K19 -> 30.382 | M19: Point.3 | O19: ='Position 4_Z Down'!O19 -> 96.186 | P19: =-'Position 4_Z Down'!P19 -> 0.116 | Q19: =-'Position 4_Z Down'!Q19 -> 32.823
A20: Point.4 | C20: ='Position 4_Z Down'!C20 -> 346.5 | D20: =-'Position 4_Z Down'!D20 -> 7.34 | E20: =-'Position 4_Z Down'!E20 -> 29.888 | G20: Point.4 | I20: ='Position 4_Z Down'!I20 -> 213.421 | J20: =-'Position 4_Z Down'!J20 -> 2.892 | K20: =-'Position 4_Z Down'!K20 -> 30.072 | M20: Point.4 | O20: ='Position 4_Z Down'!O20 -> 96.887 | P20: =-'Position 4_Z Down'!P20 -> 2.148 | Q20: =-'Position 4_Z Down'!Q20 -> 33.277
... A114: Point.98 | C114: ='Position 4_Z Down'!C114 -> 281.786 | D114: =-'Position 4_Z Down'!D114 -> -27.598 | E114: =-'Position 4_Z Down'!E114 -> 56.841 | G114: Point.98 | I114: ='Position 4_Z Down'!I114 -> 184.113 | J114: =-'Position 4_Z Down'!J114 -> -21.449 | K114: =-'Position 4_Z Down'!K114 -> 57.127 | M114: Point.98 | O114: ='Position 4_Z Down'!O114 -> 31.243 | P114: =-'Position 4_Z Down'!P114 -> -26.401 | Q114: =-'Position 4_Z Down'!Q114 -> 35.729

Sheet Position 1_Z Down
A1: USE CASE1 | G1: USE CASE2 | M1: USE CASE3
A2: Parameter | B2: L | C2: X | D2: Y | E2: Z | G2: Parameter | H2: L | I2: X | J2: Y | K2: Z | M2: Parameter | N2: L | O2: X | P2: Y | Q2: Z
A3: Hose Length | B3: 260.5mm | G3: Hose Length | H3: 250.3mm | M3: Hose Length | N3: 280.9mm
A4: Spline Length | B4: 192.2mm | G4: Spline Length | H4: 183.7mm | M4: Spline Length | N4: 217.6mm
A5: 1st Vector Length | B5: 20mm | G5: 1st Vector Length | H5: 17mm | M5: 1st Vector Length | N5: 15mm
A6: 2nd Vector Length | B6: 16.1mm | G6: 2nd Vector Length | H6: 16.5mm | M6: 2nd Vector Length | N6: 16.1mm
A7: 1st Vector Point | C7: 345.402 | D7: 20.348 | E7: -30.96 | G7: 1st Vector Point | I7: 214.765 | J7: 21.24 | K7: -31.13 | M7: 1st Vector Point | O7: 94.475 | P7: 20.747 | Q7: -31.027
A8: 1st Vector End Point | C8: 345.531 | D8: 0.351 | E8: -30.629 | G8: 1st Vector End Point | I8: 214.34 | J8: 4.208 | K8: -30.951 | M8: 1st Vector End Point | O8: 94.97 | P8: 5.781 | Q8: -31.903
A9: 2nd Vector Point | C9: 323.816 | D9: 35.617 | E9: -56.741 | G9: 2nd Vector Point | I9: 204.098 | J9: 2.249 | K9: -57.606 | M9: 2nd Vector Point | O9: 56.755 | P9: 24.311 | Q9: -35.042
A10: 2nd Vector End Point | C10: 337.777 | D10: 43.376 | E10: -54.813 | G10: 2nd Vector End Point | I10: 214.097 | J10: -10.801 | K10: -59.59 | M10: 2nd Vector End Point | O10: 57.616 | P10: 40.379 | Q10: -34.847
A11: 1st Vector Direction | C11: 0.006453 | D11: -0.999842 | E11: 0.016572 | G11: 1st Vector Direction | I11: -0.024944 | J11: -0.999633 | K11: 0.010536 | M11: 1st Vector Direction | O11: 0.032965 | P11: -0.997747 | Q11: -0.058428
A12: 2nd Vector Direction | C12: 0.867774 | D12: 0.482286 | E12: 0.119866 | G12: 2nd Vector Direction | I12: 0.60382 | J12: -0.788066 | K12: -0.119803 | M12: 2nd Vector Direction | O12: 0.053514 | P12: 0.998494 | Q12: 0.012067
A13: 1st Vector Direction Comp | C13: 0.00645 | D13: −0.99985 | E13: 0.01655 | G13: 1st Vector Direction Comp | I13: −0.025 | J13: −0.999 | K13: 0.011 | M13: 1st Vector Direction Comp | O13: 0.033 | P13: −0.998 | Q13: −0.058
A14: 2nd Vector Direction Comp | C14: 0.868 | D14: 0.482 | E14: 0.12 | G14: 2nd Vector Direction Comp | I14: 0.604 | J14: -0.788 | K14: -0.12 | M14: 2nd Vector Direction Comp | O14: 0.054 | P14: 0.999 | Q14: 0.012
A17: Point.1 | C17: 345.487 | D17: -1.588 | E17: -30.585 | G17: Point.1 | I17: 214.073 | J17: 2.378 | K17: -30.804 | M17: Point.1 | O17: 95.11 | P17: 3.591 | Q17: -32.033
A18: Point.2 | C18: 345.339 | D18: -3.523 | E18: -30.516 | G18: Point.2 | I18: 213.733 | J18: 0.562 | K18: -30.629 | M18: Point.2 | O18: 95.38 | P18: 1.414 | Q18: -32.166
A19: Point.3 | C19: 345.103 | D19: -5.447 | E19: -30.426 | G19: Point.3 | I19: 213.325 | J19: -1.236 | K19: -30.423 | M19: Point.3 | O19: 95.758 | P19: -0.747 | Q19: -32.302
A20: Point.4 | C20: 344.802 | D20: -7.362 | E20: -30.313 | G20: Point.4 | I20: 212.855 | J20: -3.015 | K20: -30.184 | M20: Point.4 | O20: 96.218 | P20: -2.892 | Q20: -32.438
A21: Point.5 | C21: 344.455 | D21: -9.267 | E21: -30.181 | G21: Point.5 | I21: 212.326 | J21: -4.772 | K21: -29.911 | M21: Point.5 | O21: 96.733 | P21: -5.025 | Q21: -32.575
A22: Point.6 | C22: 344.073 | D22: -11.164 | E22: -30.029 | G22: Point.6 | I22: 211.739 | J22: -6.505 | K22: -29.601 | M22: Point.6 | O22: 97.279 | P22: -7.15 | Q22: -32.709
A23: Point.7 | C23: 343.657 | D23: -13.052 | E23: -29.858 | G23: Point.7 | I23: 211.096 | J23: -8.21 | K23: -29.255 | M23: Point.7 | O23: 97.843 | P23: -9.271 | Q23: -32.836
A24: Point.8 | C24: 343.2 | D24: -14.929 | E24: -29.668 | G24: Point.8 | I24: 210.396 | J24: -9.886 | K24: -28.875 | M24: Point.8 | O24: 98.415 | P24: -11.39 | Q24: -32.954
A25: Point.9 | C25: 342.692 | D25: -16.791 | E25: -29.46 | G25: Point.9 | I25: 209.638 | J25: -11.528 | K25: -28.461 | M25: Point.9 | O25: 98.993 | P25: -13.508 | Q25: -33.056
A26: Point.10 | C26: 342.121 | D26: -18.633 | E26: -29.235 | G26: Point.10 | I26: 208.821 | J26: -13.134 | K26: -28.017 | M26: Point.10 | O26: 99.577 | P26: -15.626 | Q26: -33.139
A27: Point.11 | C27: 341.481 | D27: -20.449 | E27: -28.993 | G27: Point.11 | I27: 207.944 | J27: -14.699 | K27: -27.545 | M27: Point.11 | O27: 100.167 | P27: -17.743 | Q27: -33.198
... A114: Point.98 | C114: 322.113 | D114: 34.702 | E114: -56.922 | G114: Point.98 | I114: 202.828 | J114: 3.563 | K114: -57.284 | M114: Point.98 | O114: 56.598 | P114: 22.119 | Q114: -35.067

Sheet Position 2_Z Down
A1: USE CASE1 | G1: USE CASE2 | M1: USE CASE3
A2: Parameter | B2: L | C2: X | D2: Y | E2: Z | G2: Parameter | H2: L | I2: X | J2: Y | K2: Z | M2: Parameter | N2: L | O2: X | P2: Y | Q2: Z
A3: Hose Length | B3: 260.5mm | G3: Hose Length | H3: 250.3mm | M3: Hose Length | N3: 280.9mm
A4: Spline Length | B4: 192.2mm | G4: Spline Length | H4: 183.7mm | M4: Spline Length | N4: 217.6mm
A5: 1st Vector Length | B5: 20mm | G5: 1st Vector Length | H5: 17mm | M5: 1st Vector Length | N5: 15mm
A6: 2nd Vector Length | B6: 16.1mm | G6: 2nd Vector Length | H6: 16.5mm | M6: 2nd Vector Length | N6: 16.1mm
A7: 1st Vector Point | C7: 345.518 | D7: 20.294 | E7: -30.838 | G7: 1st Vector Point | I7: 214.844 | J7: 23.164 | K7: -31.128 | M7: 1st Vector Point | O7: 94.646 | P7: 19.914 | Q7: -31.138
A8: 1st Vector End Point | C8: 345.647 | D8: 0.297 | E8: -30.507 | G8: 1st Vector End Point | I8: 214.371 | J8: 4.171 | K8: -30.927 | M8: 1st Vector End Point | O8: 95.121 | P8: 5.516 | Q8: -31.981
A9: 2nd Vector Point | C9: 309.024 | D9: 41.559 | E9: -56.642 | G9: 2nd Vector Point | I9: 201.589 | J9: 12.058 | K9: -57.575 | M9: 2nd Vector Point | O9: 48.45 | P9: 30.298 | Q9: -35.078
A10: 2nd Vector End Point | C10: 317.26 | D10: 55.28 | E10: -54.88 | G10: 2nd Vector End Point | I10: 216.75 | J10: 5.85 | K10: -59.53 | M10: 2nd Vector End Point | O10: 41.22 | P10: 44.68 | Q10: -34.88
A11: 1st Vector Direction | C11: 0.006453 | D11: -0.999842 | E11: 0.016572 | G11: 1st Vector Direction | I11: -0.024944 | J11: -0.999633 | K11: 0.010536 | M11: 1st Vector Direction | O11: 0.032965 | P11: -0.997747 | Q11: -0.058428
A12: 2nd Vector Direction | C12: 0.511795 | D12: 0.852136 | E12: 0.109223 | G12: 2nd Vector Direction | I12: 0.918909 | J12: -0.376269 | K12: -0.118442 | M12: 2nd Vector Direction | O12: -0.449209 | P12: 0.893345 | Q12: 0.012072
A13: 1st Vector Direction Comp | C13: 0.006 | D13: −0.999 | E13: 0.017 | G13: 1st Vector Direction Comp | I13: -0.025 | J13: -0.999 | K13: 0.011 | M13: 1st Vector Direction Comp | O13: 0.033 | P13: -0.998 | Q13: -0.058
A14: 2nd Vector Direction Comp | C14: 0.512 | D14: 0.854 | E14: 0.11 | G14: 2nd Vector Direction Comp | I14: 0.917 | J14: -0.376 | K14: -0.118 | M14: 2nd Vector Direction Comp | O14: -0.448 | P14: 0.892 | Q14: 0.012
A17: Point.1 | C17: 345.592 | D17: -1.643 | E17: -30.435 | G17: Point.1 | I17: 214.243 | J17: 2.322 | K17: -30.856 | M17: Point.1 | O17: 95.321 | P17: 3.336 | Q17: -32.163
A18: Point.2 | C18: 345.502 | D18: -3.58 | E18: -30.343 | G18: Point.2 | I18: 213.965 | J18: 0.496 | K18: -30.688 | M18: Point.2 | O18: 95.752 | P18: 1.199 | Q18: -32.437
A19: Point.3 | C19: 345.375 | D19: -5.513 | E19: -30.23 | G19: Point.3 | I19: 213.566 | J19: -1.299 | K19: -30.442 | M19: Point.3 | O19: 96.361 | P19: -0.885 | Q19: -32.771
A20: Point.4 | C20: 345.21 | D20: -7.443 | E20: -30.093 | G20: Point.4 | I20: 213.085 | J20: -3.065 | K20: -30.14 | M20: Point.4 | O20: 97.085 | P20: -2.93 | Q20: -33.129
A21: Point.5 | C21: 345.003 | D21: -9.367 | E21: -29.934 | G21: Point.5 | I21: 212.551 | J21: -4.809 | K21: -29.801 | M21: Point.5 | O21: 97.87 | P21: -4.953 | Q21: -33.478
A22: Point.6 | C22: 344.753 | D22: -11.283 | E22: -29.752 | G22: Point.6 | I22: 211.983 | J22: -6.538 | K22: -29.436 | M22: Point.6 | O22: 98.68 | P22: -6.971 | Q22: -33.798
A23: Point.7 | C23: 344.459 | D23: -13.191 | E23: -29.548 | G23: Point.7 | I23: 211.386 | J23: -8.251 | K23: -29.049 | M23: Point.7 | O23: 99.499 | P23: -8.992 | Q23: -34.078
A24: Point.8 | C24: 344.117 | D24: -15.089 | E24: -29.325 | G24: Point.8 | I24: 210.755 | J24: -9.948 | K24: -28.64 | M24: Point.8 | O24: 100.327 | P24: -11.013 | Q24: -34.322
A25: Point.9 | C25: 343.725 | D25: -16.975 | E25: -29.083 | G25: Point.9 | I25: 210.08 | J25: -11.62 | K25: -28.203 | M25: Point.9 | O25: 101.173 | P25: -13.031 | Q25: -34.535
A26: Point.10 | C26: 343.279 | D26: -18.846 | E26: -28.824 | G26: Point.10 | I26: 209.348 | J26: -13.26 | K26: -27.737 | M26: Point.10 | O26: 102.045 | P26: -15.04 | Q26: -34.726
A27: Point.11 | C27: 342.773 | D27: -20.701 | E27: -28.55 | G27: Point.11 | I27: 208.554 | J27: -14.861 | K27: -27.241 | M27: Point.11 | O27: 102.941 | P27: -17.039 | Q27: -34.895
... A114: Point.98 | C114: 307.995 | D114: 39.923 | E114: -56.819 | G114: Point.98 | I114: 199.875 | J114: 12.719 | K114: -57.317 | M114: Point.98 | O114: 49.409 | P114: 28.32 | Q114: -35.107

Sheet Position 3_Z Down
A1: USE CASE1 | G1: USE CASE2 | M1: USE CASE3
A2: Parameter | B2: L | C2: X | D2: Y | E2: Z | G2: Parameter | H2: L | I2: X | J2: Y | K2: Z | M2: Parameter | N2: L | O2: X | P2: Y | Q2: Z
A3: Hose Length | B3: 260.5mm | G3: Hose Length | H3: 250.3mm | M3: Hose Length | N3: 280.9mm
A4: Spline Length | B4: 192.2mm | G4: Spline Length | H4: 183.7mm | M4: Spline Length | N4: 217.6mm
A5: 1st Vector Length | B5: 20mm | G5: 1st Vector Length | H5: 17mm | M5: 1st Vector Length | N5: 15mm
A6: 2nd Vector Length | B6: 16.1mm | G6: 2nd Vector Length | H6: 16.5mm | M6: 2nd Vector Length | N6: 16.1mm
A7: 1st Vector Point | C7: 345.598 | D7: 20.462 | E7: -30.568 | G7: 1st Vector Point | I7: 214.83 | J7: 20.83 | K7: -31.12 | M7: 1st Vector Point | O7: 94.598 | P7: 20.083 | Q7: -31.125
A8: 1st Vector End Point | C8: 345.729 | D8: 0.226 | E8: -30.215 | G8: 1st Vector End Point | I8: 214.403 | J8: 3.831 | K8: -30.939 | M8: 1st Vector End Point | O8: 95.077 | P8: 5.565 | Q8: -31.975
A9: 2nd Vector Point | C9: 293.536 | D9: 39.192 | E9: -56.847 | G9: 2nd Vector Point | I9: 194.785 | J9: 19.237 | K9: -57.543 | M9: 2nd Vector Point | O9: 38.252 | P9: 31.438 | Q9: -35.055
A10: 2nd Vector End Point | C10: 293.481 | D10: 55.17 | E10: -54.873 | G10: 2nd Vector End Point | I10: 210.908 | J10: 21.612 | K10: -59.542 | M10: 2nd Vector End Point | O10: 24.656 | P10: 40.06 | Q10: -34.884
A11: 1st Vector Direction | C11: 0.006453 | D11: -0.999842 | E11: 0.016572 | G11: 1st Vector Direction | I11: -0.024944 | J11: -0.999633 | K11: 0.010536 | M11: 1st Vector Direction | O11: 0.032965 | P11: -0.997747 | Q11: -0.058428
A12: 2nd Vector Direction | C12: -0.003399 | D12: 0.992446 | E12: 0.122632 | G12: 2nd Vector Direction | I12: 0.981977 | J12: 0.144605 | K12: -0.1217 | M12: 2nd Vector Direction | O12: -0.844459 | P12: 0.535515 | Q12: 0.01065
A13: 1st Vector Direction Comp | C13: 0.006 | D13: -0.999 | E13: 0.017 | G13: 1st Vector Direction Comp | I13: −0.025 | J13: −0.999 | K13: 0.011 | M13: 1st Vector Direction Comp | O13: 0.033 | P13: −0.998 | Q13: −0.058
A14: 2nd Vector Direction Comp | C14: −0.003 | D14: 0.992 | E14: 0.122 | G14: 2nd Vector Direction Comp | I14: 0.982 | J14: 0.145 | K14: −0.122 | M14: 2nd Vector Direction Comp | O14: −0.845 | P14: 0.535 | Q14: 0.011
A17: Point.1 | C17: 345.733 | D17: -1.707 | E17: -30.031 | G17: Point.1 | I17: 214.205 | J17: 1.994 | K17: -30.779 | M17: Point.1 | O17: 95.305 | P17: 2.943 | Q17: -32.187
A18: Point.2 | C18: 345.717 | D18: -3.637 | E18: -29.825 | G18: Point.2 | I18: 213.911 | J18: 0.18 | K18: -30.525 | M18: Point.2 | O18: 95.774 | P18: 0.82 | Q18: -32.47
A19: Point.3 | C19: 345.682 | D19: -5.565 | E19: -29.598 | G19: Point.3 | I19: 213.549 | J19: -1.611 | K19: -30.202 | M19: Point.3 | O19: 96.433 | P19: -1.243 | Q19: -32.813
A20: Point.4 | C20: 345.624 | D20: -7.49 | E20: -29.352 | G20: Point.4 | I20: 213.147 | J20: -3.384 | K20: -29.833 | M20: Point.4 | O20: 97.209 | P20: -3.263 | Q20: -33.174
A21: Point.5 | C21: 345.541 | D21: -9.411 | E21: -29.089 | G21: Point.5 | I21: 212.724 | J21: -5.147 | K21: -29.435 | M21: Point.5 | O21: 98.041 | P21: -5.263 | Q21: -33.518
A22: Point.6 | C22: 345.431 | D22: -11.33 | E22: -28.81 | G22: Point.6 | I22: 212.287 | J22: -6.901 | K22: -29.017 | M22: Point.6 | O22: 98.893 | P22: -7.261 | Q22: -33.821
A23: Point.7 | C23: 345.292 | D23: -13.244 | E23: -28.519 | G23: Point.7 | I23: 211.83 | J23: -8.646 | K23: -28.582 | M23: Point.7 | O23: 99.752 | P23: -9.263 | Q23: -34.075
A24: Point.8 | C24: 345.12 | D24: -15.154 | E24: -28.216 | G24: Point.8 | I24: 211.343 | J24: -10.378 | K24: -28.128 | M24: Point.8 | O24: 100.622 | P24: -11.266 | Q24: -34.285
A25: Point.9 | C25: 344.913 | D25: -17.059 | E25: -27.904 | G25: Point.9 | I25: 210.814 | J25: -12.092 | K25: -27.652 | M25: Point.9 | O25: 101.513 | P25: -13.262 | Q25: -34.458
A26: Point.10 | C26: 344.667 | D26: -18.957 | E26: -27.582 | G26: Point.10 | I26: 210.234 | J26: -13.782 | K26: -27.153 | M26: Point.10 | O26: 102.436 | P26: -15.247 | Q26: -34.604
A27: Point.11 | C27: 344.378 | D27: -20.848 | E27: -27.252 | G27: Point.11 | I27: 209.599 | J27: -15.446 | K27: -26.634 | M27: Point.11 | O27: 103.389 | P27: -17.219 | Q27: -34.725
A28: Point.12 | C28: 344.042 | D28: -22.73 | E28: -26.912 | G28: Point.12 | I28: 208.909 | J28: -17.083 | K28: -26.097 | M28: Point.12 | O28: 104.363 | P28: -19.182 | Q28: -34.819
... A114: Point.98 | C114: 293.246 | D114: 37.272 | E114: -56.814 | G114: Point.98 | I114: 192.966 | J114: 18.99 | K114: -57.271 | M114: Point.98 | O114: 40.081 | P114: 30.229 | Q114: -35.098

Sheet Position 4_Z Down
A1: USE CASE1 | G1: USE CASE2 | M1: USE CASE3
A2: Parameter | B2: L | C2: X | D2: Y | E2: Z | G2: Parameter | H2: L | I2: X | J2: Y | K2: Z | M2: Parameter | N2: L | O2: X | P2: Y | Q2: Z
A3: Hose Length | B3: 260.5 | G3: Hose Length | H3: 250.3 | M3: Hose Length | N3: 280.9
A4: Spline Length | B4: 192.2 | G4: Spline Length | H4: 183.7 | M4: Spline Length | N4: 217.6
A5: 1st Vector Length | B5: 20 | G5: 1st Vector Length | H5: 17 | M5: 1st Vector Length | N5: 15
A6: 2nd Vector Length | B6: 16.1 | G6: 2nd Vector Length | H6: 16.5 | M6: 2nd Vector Length | N6: 16.1
A7: 1st Vector Point | C7: 345.727 | D7: 20.673 | E7: -30.781 | G7: 1st Vector Point | I7: 214.866 | J7: 21.429 | K7: -31.143 | M7: 1st Vector Point | O7: 94.53 | P7: 21.25 | Q7: -31.031
A8: 1st Vector End Point | C8: 345.858 | D8: 0.381 | E8: -30.444 | G8: 1st Vector End Point | I8: 214.442 | J8: 4.435 | K8: -30.964 | M8: 1st Vector End Point | O8: 95.024 | P8: 6.283 | Q8: -31.907
A9: 2nd Vector Point | C9: 280.93 | D9: 29.332 | E9: -56.674 | G9: 2nd Vector Point | I9: 185.61 | J9: 22.532 | K9: -57.384 | M9: 2nd Vector Point | O9: 29.052 | P9: 26.552 | Q9: -35.639
A10: 2nd Vector End Point | C10: 272.908 | D10: 43.173 | E10: -54.867 | G10: 2nd Vector End Point | I10: 198.068 | J10: 32.492 | K10: -59.578 | M10: 2nd Vector End Point | O10: 13.013 | P10: 27.741 | Q10: -34.896
A11: 1st Vector Direction | C11: 0.006453 | D11: -0.999842 | E11: 0.016572 | G11: 1st Vector Direction | I11: -0.024944 | J11: -0.999633 | K11: 0.010536 | M11: 1st Vector Direction | O11: 0.032965 | P11: -0.997747 | Q11: -0.058428
A12: 2nd Vector Direction | C12: -0.498287 | D12: 0.859716 | E12: 0.112244 | G12: 2nd Vector Direction | I12: 0.773791 | J12: 0.61861 | K12: -0.13627 | M12: 2nd Vector Direction | O12: -0.996202 | P12: 0.073825 | Q12: 0.046162
A13: 1st Vector Direction Comp | C13: 0.006 | D13: −1.000 | E13: 0.017 | G13: 1st Vector Direction Comp | I13: −0.025 | J13: −1.000 | K13: 0.011 | M13: 1st Vector Direction Comp | O13: 0.033 | P13: −0.998 | Q13: −0.058
A14: 2nd Vector Direction Comp | C14: −0.498 | D14: 0.859 | E14: 0.112 | G14: 2nd Vector Direction Comp | I14: 0.774 | J14: 0.619 | K14: −0.136 | M14: 2nd Vector Direction Comp | O14: −0.996 | P14: 0.074 | Q14: 0.046
A17: Point.1 | C17: 346.016 | D17: -1.551 | E17: -30.332 | G17: Point.1 | I17: 214.295 | J17: 2.579 | K17: -30.851 | M17: Point.1 | O17: 95.211 | P17: 4.103 | Q17: -32.102
A18: Point.2 | C18: 346.188 | D18: -3.481 | E18: -30.199 | G18: Point.2 | I18: 214.058 | J18: 0.739 | K18: -30.65 | M18: Point.2 | O18: 95.611 | P18: 1.966 | Q18: -32.418
A19: Point.3 | C19: 346.354 | D19: -5.41 | E19: -30.05 | G19: Point.3 | I19: 213.757 | J19: -1.083 | K19: -30.382 | M19: Point.3 | O19: 96.186 | P19: -0.116 | Q19: -32.823
A20: Point.4 | C20: 346.5 | D20: -7.34 | E20: -29.888 | G20: Point.4 | I20: 213.421 | J20: -2.892 | K20: -30.072 | M20: Point.4 | O20: 96.887 | P20: -2.148 | Q20: -33.277
A21: Point.5 | C21: 346.624 | D21: -9.27 | E21: -29.714 | G21: Point.5 | I21: 213.071 | J21: -4.694 | K21: -29.735 | M21: Point.5 | O21: 97.674 | P21: -4.146 | Q21: -33.747
A22: Point.6 | C22: 346.727 | D22: -11.2 | E22: -29.53 | G22: Point.6 | I22: 212.715 | J22: -6.491 | K22: -29.382 | M22: Point.6 | O22: 98.514 | P22: -6.125 | Q22: -34.205
A23: Point.7 | C23: 346.816 | D23: -13.13 | E23: -29.333 | G23: Point.7 | I23: 212.35 | J23: -8.284 | K23: -29.014 | M23: Point.7 | O23: 99.39 | P23: -8.094 | Q23: -34.637
A24: Point.8 | C24: 346.894 | D24: -15.059 | E24: -29.124 | G24: Point.8 | I24: 211.964 | J24: -10.067 | K24: -28.624 | M24: Point.8 | O24: 100.293 | P24: -10.057 | Q24: -35.037
A25: Point.9 | C25: 346.961 | D25: -16.988 | E25: -28.902 | G25: Point.9 | I25: 211.542 | J25: -11.837 | K25: -28.208 | M25: Point.9 | O25: 101.223 | P25: -12.014 | Q25: -35.406
A26: Point.10 | C26: 347.012 | D26: -18.915 | E26: -28.667 | G26: Point.10 | I26: 211.072 | J26: -13.586 | K26: -27.761 | M26: Point.10 | O26: 102.179 | P26: -13.963 | Q26: -35.75
A27: Point.11 | C27: 347.036 | D27: -20.841 | E27: -28.419 | G27: Point.11 | I27: 210.548 | J27: -15.312 | K27: -27.282 | M27: Point.11 | O27: 103.158 | P27: -15.905 | Q27: -36.07
A28: Point.12 | C28: 347.025 | D28: -22.765 | E28: -28.159 | G28: Point.12 | I28: 209.97 | J28: -17.012 | K28: -26.776 | M28: Point.12 | O28: 104.154 | P28: -17.842 | Q28: -36.364
... A114: Point.98 | C114: 281.786 | D114: 27.598 | E114: -56.841 | G114: Point.98 | I114: 184.113 | J114: 21.449 | K114: -57.127 | M114: Point.98 | O114: 31.243 | P114: 26.401 | Q114: -35.729
